{"quizType":"arithmetic","arithmeticType":"multiplication","equationType":"intermediate","useFractions":false,"maxQuestions":4,"UI":{"score":"Score:","time":"Time: @time","resultPageHeader":"Finished!","go":"GO!","startButton":"Start","retryButton":"Retry","correctText":"Correct","incorrectText":"Incorrect. Correct answer was :num","durationLabel":"Duration in hours, minutes and seconds.","humanizedQuestion":"What does :arithmetic equal?","humanizedEquation":"For the equation :equation, what does :item equal?","humanizedVariable":"What does :item equal?","plusOperator":"plus","subtractionOperator":"minus","multiplicationOperator":"times","divisionOperator":"delt p\u00e5","equalitySign":"equals","slideOfTotal":"Slide :num of :total"},"intro":"Multiplication quiz"}