{
  "title": "Arithmetic Quiz",
  "description": "Arithmetic quiz containing addition, division, multiplication, subtraction and linear equations",
  "majorVersion": 1,
  "minorVersion": 1,
  "patchVersion": 25,
  "runnable": 1,
  "author": "Joubel, fabforge",
  "license": "MIT",
  "machineName": "H5P.ArithmeticQuiz",
  "fullscreen": 0,
  "embedTypes": [
    "iframe"
  ],
  "preloadedJs": [
    {
      "path": "js/algebra.min.js"
    },
    {
      "path": "js/arithmetic-quiz.js"
    },
    {
      "path": "js/sound-effects.js"
    },
    {
      "path": "js/countdown-widget.js"
    },
    {
      "path": "js/timer-widget.js"
    },
    {
      "path": "js/intro-page.js"
    },
    {
      "path": "js/qe-generator.js"
    },
    {
      "path": "js/qa-generator.js"
    },
    {
      "path": "js/game-page.js"
    },
    {
      "path": "js/result-page.js"
    },
    {
      "path": "js/odometer.min.js"
    }
  ],
  "preloadedCss": [
    {
      "path": "css/arithmetic-quiz.css"
    },
    {
      "path": "css/odometer-theme-default.css"
    }
  ],
  "preloadedDependencies": [
    {
      "machineName": "H5P.JoubelUI",
      "majorVersion": 1,
      "minorVersion": 3
    }
  ],
  "editorDependencies": [
    {
      "machineName": "H5PEditor.ShowWhen",
      "majorVersion": 1,
      "minorVersion": 0
    }
  ]
}
