{"title":"Malaysia","language":"und","mainLibrary":"H5P.MultiChoice","embedTypes":["div"],"license":"U","defaultLanguage":"en","preloadedDependencies":[{"machineName":"H5P.Image","majorVersion":"1","minorVersion":"1"},{"machineName":"H5P.MultiChoice","majorVersion":"1","minorVersion":"16"},{"machineName":"FontAwesome","majorVersion":"4","minorVersion":"5"},{"machineName":"H5P.JoubelUI","majorVersion":"1","minorVersion":"3"},{"machineName":"H5P.Transition","majorVersion":"1","minorVersion":"0"},{"machineName":"H5P.FontIcons","majorVersion":"1","minorVersion":"0"},{"machineName":"H5P.Question","majorVersion":"1","minorVersion":"5"}]}